{"count":1,"self":185.6472576,"total":480.2704202,"children":{"InitializeActuators":{"count":1,"self":0.002,"total":0.002,"children":null},"InitializeSensors":{"count":1,"self":0.0010004,"total":0.0010004,"children":null},"AgentSendState":{"count":60001,"self":0.097616399999999992,"total":0.6624469,"children":{"CollectObservations":{"count":60001,"self":0.046621699999999995,"total":0.046621699999999995,"children":null},"WriteActionMask":{"count":60001,"self":0.0123615,"total":0.0123615,"children":null},"RequestDecision":{"count":60001,"self":0.0529962,"total":0.5058473,"children":{"AgentInfo.ToProto":{"count":60001,"self":0.1356291,"total":0.4528511,"children":{"GenerateSensorData":{"count":60001,"self":0.317222,"total":0.317222,"children":null}}}}}}},"DecideAction":{"count":60001,"self":293.8496512,"total":293.8496401,"children":null},"AgentAct":{"count":60001,"self":0.10407269999999999,"total":0.10607259999999999,"children":{"AgentInfo.ToProto":{"count":1050,"self":0,"total":0.0019998999999999998,"children":{"GenerateSensorData":{"count":1050,"self":0.0019998999999999998,"total":0.0019998999999999998,"children":null}}}}}},"gauges":{"My Behavior.CumulativeReward":{"count":1050,"max":8.055682,"min":-14.7854433,"runningAverage":3.881641,"value":6.32167149,"weightedAverage":4.08923674}},"metadata":{"timer_format_version":"0.1.0","start_time_seconds":"1685961042","unity_version":"2021.3.26f1","command_line_arguments":"C:\\Users\\USER\\PycharmProjects\\Unity_RL_Study\\python_code\\..\/envs\/Drone\/Drone.exe --mlagents-port 5005","communication_protocol_version":"1.5.0","com.unity.ml-agents_version":"2.3.0-exp.3","scene_name":"SampleScene","end_time_seconds":"1685961522"}}